pcode,title,price,star,quantity,company,url,img_url
BLB-00683,"Bluebonnet Nutrition, 킬레이트화 마그네슘, 베지 캡슐 120정",21493,3.8,60,블루보넷 뉴트리션,https://kr.iherb.com/pr/Bluebonnet-Nutrition-Chelated-Magnesium-120-Vegetable-Capsules/63681,https://s3.images-iherb.com/blb/blb00683/w/21.jpg
CDL-10200,"ChildLife, Essentials, 액상 비타민 C, 천연 오렌지 향, 118.5mL(4fl oz)",7594,4.5,30,차일드라이프,https://kr.iherb.com/pr/ChildLife-Essentials-Liquid-Vitamin-C-Natural-Orange-Flavor-4-fl-oz-118-5-mL/6356,https://s3.images-iherb.com/cdl/cdl10200/w/43.jpg
CEN-28024,"21st Century, Zinc, Chelated, 50 mg, 60 Tablets",2388,4.5,60,21 센츄리,https://kr.iherb.com/pr/21st-Century-Zinc-Chelated-50-mg-60-Tablets/100067,https://s3.images-iherb.com/cen/cen28024/w/29.jpg
CGN-00931,"California Gold Nutrition, Gold C, 비타민 C, 1,000mg, 베지 캡슐 60정",4776,4.5,60,캘리포니아 골드 뉴트리션,https://kr.iherb.com/pr/California-Gold-Nutrition-Gold-C-Vitamin-C-1-000-mg-60-Veggie-Capsules/61864,https://s3.images-iherb.com/cgn/cgn00931/w/107.jpg
CGN-00932,"California Gold Nutrition, Gold C, 비타민 C, 1,000 mg, 베지 캡슐 240정",17911,4.5,60,캘리포니아 골드 뉴트리션,https://kr.iherb.com/pr/California-Gold-Nutrition-Gold-C-Vitamin-C-1-000-mg-240-Veggie-Capsules/61865,https://s3.images-iherb.com/cgn/cgn00932/w/74.jpg
CGN-00963,"California Gold Nutrition, LactoBif 프로바이오틱스, 50억 CFU, 식물성 캡슐 60정",11940,4.2,60,캘리포니아 골드 뉴트리션,https://kr.iherb.com/pr/California-Gold-Nutrition-LactoBif-Probiotics-5-Billion-CFU-60-Veggie-Capsules/64006,https://s3.images-iherb.com/cgn/cgn00963/w/14.jpg
CGN-00964,"California Gold Nutrition, LactoBif 프로바이오틱스, 50억 CFU, 식물성 캡슐 10정",3582,4.2,50,캘리포니아 골드 뉴트리션,https://kr.iherb.com/pr/California-Gold-Nutrition-LactoBif-Probiotics-5-Billion-CFU-10-Veggie-Capsules/64008,https://s3.images-iherb.com/cgn/cgn00964/w/33.jpg
CGN-00965,"California Gold Nutrition, LactoBif 프로바이오틱, 300억 CFU, 60 식물성 캡슐",23882,4.3,30,캘리포니아 골드 뉴트리션,https://www.iherb.com/pr/California-Gold-Nutrition-LactoBif-Probiotics-30-Billion-CFU-60-Veggie-Capsules/64009,https://s3.images-iherb.com/cgn/cgn00965/w/14.jpg
CGN-01032,"California Gold Nutrition, CollagenUP, Marine Hydrolyzed Collagen + Hyaluronic Acid + Vitamin C, Unflavored, 16.36 oz (464 g)",40599,4.3,32,캘리포니아 골드 뉴트리션,https://kr.iherb.com/pr/California-Gold-Nutrition-CollagenUP-Marine-Collagen-Hyaluronic-Acid-Vitamin-C-Unflavored-16-36-oz-464-g/64902,https://s3.images-iherb.com/cgn/cgn01032/w/110.jpg
CGN-01033,"California Gold Nutrition, CollagenUP, Marine Hydrolyzed Collagen + Hyaluronic Acid + Vitamin C, Unflavored, 7.26 oz (206 g)",19105,4.3,35,캘리포니아 골드 뉴트리션,https://kr.iherb.com/pr/California-Gold-Nutrition-CollagenUP-Marine-Collagen-Hyaluronic-Acid-Vitamin-C-Unflavored-7-26-oz-206-g/64903,https://s3.images-iherb.com/cgn/cgn01033/w/63.jpg
CGN-01034,"California Gold Nutrition, 유아용 비타민 D3 드롭, 400IU, 10ml(0.34fl oz)",9552,4.6,50,캘리포니아 골드 뉴트리션,https://kr.iherb.com/pr/California-Gold-Nutrition-Baby-Vitamin-D3-Drops-400-IU-34-fl-oz-10-ml/65958,https://s3.images-iherb.com/cgn/cgn01034/w/48.jpg
CGN-01065,"California Gold Nutrition, 비타민 D3, 125mcg(5,000IU), 피쉬 젤라틴 소프트젤 90정",4776,4.6,45,캘리포니아 골드 뉴트리션,https://kr.iherb.com/pr/California-Gold-Nutrition-Vitamin-D3-125-mcg-5-000-IU-90-Fish-Gelatin-Softgels/70316,https://s3.images-iherb.com/cgn/cgn01065/w/78.jpg
CGN-01097,"California Gold Nutrition, EuroHerbs, Milk Thistle Extract, 80% Silymarin, 175 mg, 60 Veggie Caps",9552,4.5,60,캘리포니아 골드 뉴트리션,https://www.iherb.com/pr/California-Gold-Nutrition-Milk-Thistle-Extract-80-Silymarin-EuroHerbs-Clinical-Strength-60-Veggie-Caps/70955,https://s3.images-iherb.com/cgn/cgn01097/w/28.jpg
CGN-01330,"California Gold Nutrition, 오메가-3, 프리미엄 피쉬 오일, 피쉬 젤라틴 소프트젤 240정",16717,4.5,120,캘리포니아 골드 뉴트리션,https://kr.iherb.com/pr/California-Gold-Nutrition-Omega-3-Premium-Fish-Oil-240-Fish-Gelatin-Softgels/86598,https://s3.images-iherb.com/cgn/cgn01330/w/40.jpg
DRB-00025,"Doctor's Best, 고흡수 마그네슘, 120 정",11009,4.4,60,닥터스 베스트,https://kr.iherb.com/pr/Doctor-s-Best-High-Absorption-Magnesium-100-Chelated-with-Albion-Minerals-100-mg-120-Tablets/15,https://s3.images-iherb.com/drb/drb00025/w/21.jpg
DRB-00087,"Doctor's Best, 고흡수 마그네슘, Albion Minerals로 100% 킬레이트, 100 mg, 240 정",19416,4.4,120,닥터스 베스트,https://kr.iherb.com/pr/Doctor-s-Best-High-Absorption-Magnesium-100-Chelated-with-Albion-Minerals-100-mg-240-Tablets/16567,https://s3.images-iherb.com/drb/drb00087/w/107.jpg
DRB-00154,"Doctor's Best, L-카르니틴 푸마르산염, Biosint 카르니틴 함유, 855 mg, 180 식물성 캡슐","47,227",4.3,90,닥터스 베스트,https://kr.iherb.com/pr/Doctor-s-Best-L-Carnitine-Fumarate-with-Biosint-Carnitines-855-mg-180-Veggie-Caps/4939,https://s3.images-iherb.com/drb/drb00154/l/45.jpg
DRB-00263,"Doctor's Best, Peptan 함유 콜라겐 타입 1 및 3,500mg, 캡슐 240정",13600,4.4,80,닥터스 베스트,https://www.iherb.com/pr/Doctor-s-Best-Collagen-Types-1-and-3-with-Vitamin-C-500-mg-240-Capsules/38474,https://s3.images-iherb.com/drb/drb00263/w/72.jpg
DRB-00358,"Doctor's Best, Collagen Types 1 and 3 with Vitamin C, 1,000 mg, 540 Tablets","38,187",4.2,270,닥터스 베스트,https://kr.iherb.com/pr/Doctor-s-Best-Collagen-Types-1-and-3-with-Peptan-1-000-mg-540-Tablets/55352,https://s3.images-iherb.com/drb/drb00358/l/58.jpg
DRB-00373,"Doctor's Best, 비오틴, 10,000 mcg, 120 야채 캡슐",14233,4.6,60,닥터스 베스트,https://www.iherb.com/pr/Doctor-s-Best-Biotin-10-000-mcg-120-Veggie-Caps/63468,https://s3.images-iherb.com/drb/drb00373/w/6.jpg
JRW-13008,"Jarrow Formulas, Zinc Balance, 100 캡슐",9337,4.5,50,자로우 포뮬라,https://kr.iherb.com/pr/Jarrow-Formulas-Zinc-Balance-100-Capsules/278,https://s3.images-iherb.com/jrw/jrw13008/w/16.jpg
LEX-23141,"Life Extension, 투 퍼 데이 캡슐, 캡슐 120개",21493,3.9,60,라이프 익스텐션,https://kr.iherb.com/pr/Life-Extension-Two-Per-Day-Capsules-120-Capsules/86453,https://s3.images-iherb.com/lex/lex23141/w/10.jpg
MLI-00952,"California Gold Nutrition, 오메가-3, 프리미엄 피쉬오일, 피쉬 젤라틴 소프트젤 100정",8358,4.5,50,캘리포니아 골드 뉴트리션,https://kr.iherb.com/pr/California-Gold-Nutrition-Omega-3-Premium-Fish-Oil-100-Fish-Gelatin-Softgels/62118,https://s3.images-iherb.com/mli/mli00952/w/58.jpg
MSC-71049,"Muscletech, Nitro Tech, 100% 유청 골드, 유청 단백질 분말, 더블 리치 초콜릿, 2.51 kg(5.53 lbs)",54451,4.5,30,머슬테크,https://www.iherb.com/pr/Muscletech-Nitro-Tech-100-Whey-Gold-Whey-Protein-Powder-Double-Rich-Chocolate-5-53-lbs-2-51-kg/77943,https://s3.images-iherb.com/msc/msc71049/w/22.jpg
MSF-71702,"MusclePharm, Combat, 100% 유청 단백질, 초콜릿 우유, 2269 g(5 lbs)",71634,4.4,30,머슬팜,https://www.iherb.com/pr/MusclePharm-Combat-100-Whey-Protein-Chocolate-Milk-5-lbs-2269-g/70913,https://s3.images-iherb.com/msf/msf71702/w/3.jpg
NOW-00077,"Now Foods, L-Cysteine, 500 mg, 100 Tablets",12319,4,50,나우푸드,https://www.iherb.com/pr/Now-Foods-L-Cysteine-500-mg-100-Tablets/538,https://s3.images-iherb.com/now/now00077/w/17.jpg
NOW-00112,"Now Foods, L-라이신, 500 mg, 250 캡슐","13,624",4.6,125,나우푸드,https://kr.iherb.com/pr/Now-Foods-L-Lysine-500-mg-250-Capsules/661,https://s3.images-iherb.com/now/now00112/l/17.jpg
NOW-00372,"Now Foods, 비타민 D-3, 고효능, 5,000 IU, 120 소프트젤",7857,4.7,60,나우푸드,https://kr.iherb.com/pr/Now-Foods-Vitamin-D-3-High-Potency-5-000-IU-120-Softgels/10421,https://s3.images-iherb.com/now/now00372/w/19.jpg
NOW-00376,"Now Foods, 비타민D-3, 10,000IU, 소프트젤 120정",9731,4.7,60,나우푸드,https://kr.iherb.com/pr/Now-Foods-Vitamin-D-3-10-000-IU-120-Softgels/52326,https://s3.images-iherb.com/now/now00376/w/23.jpg
NOW-00474,"Now Foods, 바이오틴, 5,000mcg, 식물성 캡슐 120정",10305,4.3,60,나우푸드,https://www.iherb.com/pr/Now-Foods-Biotin-5-000-mcg-120-Veg-Capsules/3319,https://s3.images-iherb.com/now/now00474/w/8.jpg
NOW-01841,"Now Foods, Super Omega 3-6-9, 1,200 mg, 180 Softgels",18341,4.5,60,나우푸드,https://www.iherb.com/pr/Now-Foods-Super-Omega-3-6-9-1200-mg-180-Softgels/325,https://s3.images-iherb.com/now/now01841/w/18.jpg
NOW-04777,"Now Foods, 마카, 생식, 750 mg, 90 식물성 캡슐",13147,4.2,45,나우푸드,https://www.iherb.com/pr/Now-Foods-Maca-Raw-750-mg-90-Veg-Capsules/18046,https://s3.images-iherb.com/now/now04777/w/9.jpg
NTL-05396,"Natrol, 바이오틴, 최대 효능, 10,000mcg, 100정",11929,4.2,50,네트롤,https://kr.iherb.com/pr/Natrol-Biotin-Maximum-Strength-10-000-mcg-100-Tablets/25842,https://s3.images-iherb.com/ntl/ntl05396/w/29.jpg
NWY-15685,"Nature's Way, Alive! 하루에 한 번, 남성을 위한 복합 비타민, 60 정",20120,4.3,60,네이쳐스 웨이,https://www.iherb.com/pr/Nature-s-Way-Alive-Once-Daily-Men-s-Multi-Vitamin-60-Tablets/37794,https://s3.images-iherb.com/nwy/nwy15685/w/15.jpg
NWY-41091,"Nature's Way, 아연 킬레이트, 30 mg, 100 캡슐",6113,4.5,50,네이쳐스 웨이,https://kr.iherb.com/pr/Nature-s-Way-Zinc-Chelate-30-mg-100-Capsules/2050,https://s3.images-iherb.com/nwy/nwy41091/w/16.jpg
SOL-01442,"Solgar, 하이-C, 250 태블릿",25780,4.8,125,솔가,https://kr.iherb.com/pr/Solgar-HY-C-250-Tablets/13046,https://s3.images-iherb.com/sol/sol01442/w/39.jpg
SOL-02058,"Solgar, 오메가-3 EPA & DHA, 3중 강화, 950 mg, 100 소프트젤",37160,4.5,50,솔가,https://kr.iherb.com/pr/Solgar-Omega-3-EPA-DHA-Triple-Strength-950-mg-100-Softgels/26738,https://s3.images-iherb.com/sol/sol02058/w/82.jpg
SRE-01050,"Sports Research, 오메가-3 피쉬 오일, Triple Strength, 1,250mg, 소프트젤 180정",51549,4.2,90,스포츠 리서치,https://kr.iherb.com/pr/Sports-Research-Omega-3-Fish-Oil-Triple-Strength-1-250-mg-180-Softgels/72037,https://s3.images-iherb.com/sre/sre01050/w/22.jpg
